{
	"package": {
		"identifier": "b4e6e993-31d7-4c2b-a01f-c69154097a76",
		"version":"1.0",
		"itemquantity": "5",
		"playlist": {
			"item": [
				{
					"id":"a152a805-e6f7-4995-90cf-28a6df2e442c",
					"type": "audio",
					"ext":"jpg",
					"location": "http://bbcmedia.ic.llnwd.net/stream/bbcmedia_radio1_mf_p",
					"image": "http://www.bushfield.co.uk/signage/radio1.jpg",
					"duration": "5000",
					"checksum": "979707f5e34f5dcd6d410eda57cf4fcd"
				},
				{
					"id":"36d228f3-425a-49ca-a6fa-96add9a1231e",
					"type": "video",
					"ext":"mp4",
					"location": "http://www.bushfield.co.uk/signage/dancead.mp4",
					"duration": "41000",
					"checksum": "6ff3e0df3193d50c42cfc0c79f835cf3"
				},
				{
					"id":"9c63b4e9-5f87-44cf-94ce-7adea5aa6023",
					"type": "image",
					"ext":"jpg",
					"location": "http://www.bushfield.co.uk/signage/Slide1.jpg",
					"duration": "5000",
					"checksum": "d4146af220be5b8c7d4fe462d9e0a976"
				},
				{
					"id":"dbffcb51-68e7-4fa4-a74c-a5be0a7d46f8",
					"type": "image",
					"ext":"jpg",
					"location": "http://www.bushfield.co.uk/signage/Slide5.jpg",
					"duration": "5000",
					"checksum":"41718e2cab26cb727ca56c490a3583db"
				},
				{
					"id":"c6bf3402-253c-478a-9218-caebc411c937",
					"type": "image",
					"ext":"png",
					"location": "http://www.bushfield.co.uk/signage/adwinner.png",
					"duration": "5000",
					"checksum":"0ba2d4f70c594c0c6aad1cb9007e3f64"
				}
			]
		}
	}
}